mesh_factor,nodes,R_ohm_cm
0.5,116,2.6961944606027832
1.0,318,2.760601506187857
2.0,1400,2.802656675122743
4.0,5616,2.864040037195009
8.0,22302,2.870861377405982
