MeshFactor,Nodes_Top,R_Top
0.5,100,2.547640263595247
1.0,294,2.7015708002291885
2.0,1067,2.786005948489807
4.0,4053,2.82950018449137
8.0,15703,2.8512170670444563
