T_vdW (Top),R_Top_WF4.8,R_Edge_WF4.8,R_Top_WF5.0,R_Edge_WF5.0,R_Top_WF5.2,R_Edge_WF5.2
1.0,2621.8728739060202,2386.954789091037,2.5656351630170895,2.2469644399488997,0.49183059615033836,0.40657764943680236
0.1,2621.8728739060202,2386.954789091037,2.5656351630170895,2.2469644399488997,0.49183059615033836,0.40657764943680236
0.01,2621.8728739060202,2386.954789091037,2.5656351630170895,2.2469644399488997,0.49183059615033836,0.40657764943680236
