V_DS,R_Top_Lc50_m2,R_Top_Lc10_m2,R_Edge_m2
0.1,0.588587510648405,0.5886573768271594,0.4379879530290218
